t(s),Flux surface 2: solute,Total solute volume 1,Total solute volume 2
0,-59232340125.11591,1989985319115473.8,31426.167303664122
